elapsed_time,ax,ay,az,vibration
00:00:00.054,184.0,-1036.0,14980.0,1367.09
00:00:00.086,136.0,-1036.0,15076.0,1271.83
00:00:00.116,364.0,-1084.0,15132.0,1208.86
00:00:00.147,232.0,-1004.0,14920.0,1428.46
00:00:00.178,152.0,-1004.0,14964.0,1385.59
00:00:00.207,88.0,-964.0,15008.0,1344.81
00:00:00.238,240.0,-984.0,14992.0,1357.83
00:00:00.269,264.0,-1004.0,15088.0,1260.33
00:00:00.299,244.0,-900.0,14856.0,1498.76
00:00:00.330,220.0,-1012.0,14916.0,1432.09
00:00:00.362,228.0,-1016.0,15064.0,1284.06
00:00:00.391,284.0,-940.0,15124.0,1228.16
00:00:00.422,144.0,-1008.0,14936.0,1413.33
00:00:00.452,264.0,-976.0,15012.0,1337.99
00:00:00.483,176.0,-1012.0,14948.0,1400.75
00:00:00.514,120.0,-1004.0,14944.0,1405.83
00:00:00.544,132.0,-996.0,14840.0,1510.03
00:00:00.574,284.0,-908.0,15040.0,1313.94
00:00:00.605,204.0,-1036.0,14948.0,1398.75
00:00:00.637,264.0,-1060.0,14996.0,1348.27
00:00:00.667,216.0,-960.0,14920.0,1431.59
00:00:00.698,196.0,-1088.0,15008.0,1335.34
00:00:00.728,152.0,-976.0,14980.0,1371.47
00:00:00.759,200.0,-1016.0,14876.0,1472.00
00:00:00.790,200.0,-928.0,15120.0,1234.23
00:00:00.821,244.0,-1008.0,14948.0,1400.07
00:00:00.851,280.0,-944.0,15140.0,1212.01
00:00:00.882,160.0,-1004.0,15032.0,1317.66
00:00:00.914,204.0,-1020.0,14972.0,1375.91
00:00:00.944,252.0,-992.0,15044.0,1305.22
00:00:00.974,136.0,-936.0,15020.0,1334.25
00:00:01.004,108.0,-964.0,15004.0,1348.68
00:00:01.035,304.0,-1020.0,14848.0,1497.90
00:00:01.066,208.0,-956.0,15064.0,1288.26
00:00:01.096,212.0,-932.0,15024.0,1329.63
00:00:01.126,212.0,-960.0,15032.0,1319.88
00:00:01.156,144.0,-968.0,14884.0,1467.86
00:00:01.186,156.0,-956.0,15240.0,1113.25
00:00:01.218,204.0,-984.0,15092.0,1258.58
00:00:01.248,72.0,-1040.0,15060.0,1287.96
00:00:01.278,148.0,-988.0,15040.0,1310.86
00:00:01.308,236.0,-820.0,15128.0,1231.95
00:00:01.340,200.0,-1036.0,15036.0,1311.02
00:00:01.370,128.0,-968.0,15128.0,1224.52
00:00:01.400,188.0,-924.0,15016.0,1338.42
00:00:01.431,212.0,-1056.0,15064.0,1281.54
00:00:01.463,140.0,-1044.0,15072.0,1275.24
00:00:01.492,92.0,-876.0,15068.0,1290.28
00:00:01.523,244.0,-1100.0,15020.0,1321.80
00:00:01.553,132.0,-928.0,15084.0,1270.90
00:00:01.583,152.0,-908.0,15020.0,1335.81
00:00:01.614,264.0,-988.0,14920.0,1428.99
00:00:01.644,216.0,-980.0,14996.0,1354.46
00:00:01.674,252.0,-960.0,15004.0,1347.21
00:00:01.705,196.0,-1004.0,14948.0,1401.04
00:00:01.735,200.0,-936.0,15092.0,1261.68
00:00:01.766,84.0,-1048.0,14984.0,1363.16
00:00:01.796,184.0,-964.0,14976.0,1375.88
00:00:01.826,288.0,-948.0,14960.0,1391.23
00:00:01.855,252.0,-956.0,14892.0,1459.22
00:00:01.885,232.0,-984.0,15108.0,1242.21
00:00:01.917,148.0,-1028.0,14976.0,1372.03
00:00:01.947,240.0,-932.0,15048.0,1305.26
00:00:01.977,204.0,-988.0,15060.0,1290.25
00:00:02.008,212.0,-1044.0,15068.0,1278.39
00:00:02.039,92.0,-1028.0,15088.0,1260.74
00:00:02.069,168.0,-976.0,15032.0,1319.41
00:00:02.099,236.0,-916.0,14872.0,1481.95
00:00:02.129,240.0,-864.0,14948.0,1409.13
00:00:02.159,144.0,-988.0,14988.0,1362.78
00:00:02.191,184.0,-1004.0,15112.0,1237.57
00:00:02.221,272.0,-972.0,15020.0,1330.12
00:00:02.251,236.0,-936.0,14912.0,1440.79
00:00:02.281,216.0,-968.0,14996.0,1355.24
00:00:02.312,128.0,-1020.0,15044.0,1304.92
00:00:02.343,308.0,-904.0,14916.0,1437.46
00:00:02.374,248.0,-1016.0,14904.0,1443.35
00:00:02.403,200.0,-928.0,15080.0,1274.15
00:00:02.433,248.0,-940.0,14944.0,1408.41
00:00:02.465,248.0,-1012.0,15092.0,1256.08
00:00:02.496,200.0,-1004.0,14940.0,1408.97
00:00:02.527,192.0,-1024.0,15032.0,1315.94
00:00:02.556,264.0,-948.0,14936.0,1415.62
00:00:02.586,180.0,-960.0,15048.0,1304.33
00:00:02.617,220.0,-944.0,14920.0,1432.55
00:00:02.648,224.0,-1028.0,14896.0,1450.89
00:00:02.678,128.0,-936.0,15052.0,1302.38
00:00:02.709,188.0,-1012.0,14960.0,1388.63
00:00:02.738,224.0,-860.0,14908.0,1449.54
00:00:02.768,244.0,-976.0,15008.0,1342.32
00:00:02.798,204.0,-896.0,14960.0,1395.80
00:00:02.827,112.0,-912.0,14936.0,1419.76
00:00:02.856,184.0,-884.0,14940.0,1416.74
00:00:02.886,264.0,-968.0,15120.0,1230.75
00:00:02.917,228.0,-984.0,14904.0,1445.81
00:00:02.947,216.0,-968.0,15068.0,1283.39
00:00:02.977,212.0,-876.0,15112.0,1245.15
00:00:03.008,164.0,-1024.0,15088.0,1260.40
00:00:03.039,232.0,-952.0,15000.0,1352.03
00:00:03.069,304.0,-976.0,15000.0,1349.21
00:00:03.099,232.0,-1100.0,14920.0,1421.71
00:00:03.129,124.0,-936.0,14896.0,1458.11
00:00:03.158,200.0,-948.0,14960.0,1392.66
00:00:03.189,192.0,-1028.0,15044.0,1303.70
00:00:03.221,156.0,-1040.0,14928.0,1419.00
00:00:03.252,164.0,-1032.0,15116.0,1231.93
00:00:03.283,260.0,-1000.0,14936.0,1412.30
00:00:03.313,204.0,-916.0,14932.0,1422.54
00:00:03.345,168.0,-1112.0,14948.0,1393.75
00:00:03.375,140.0,-952.0,14952.0,1401.07
00:00:03.406,272.0,-1032.0,14840.0,1505.67
00:00:03.435,64.0,-964.0,14960.0,1392.84
00:00:03.465,272.0,-912.0,15040.0,1313.92
00:00:03.497,284.0,-1040.0,14936.0,1409.14
00:00:03.527,164.0,-952.0,15088.0,1265.11
00:00:03.557,200.0,-948.0,14912.0,1440.56
00:00:03.587,220.0,-932.0,15060.0,1293.59
00:00:03.618,148.0,-892.0,15036.0,1320.84
00:00:03.649,204.0,-1020.0,14944.0,1403.84
00:00:03.679,220.0,-1056.0,14960.0,1385.16
00:00:03.710,200.0,-1068.0,15020.0,1324.75
00:00:03.742,176.0,-1028.0,15108.0,1240.04
00:00:03.773,140.0,-1020.0,15000.0,1348.71
00:00:03.803,240.0,-900.0,15060.0,1295.22
00:00:03.833,216.0,-992.0,14996.0,1353.67
00:00:03.864,232.0,-1012.0,15072.0,1276.28
00:00:03.896,260.0,-1036.0,14996.0,1350.01
00:00:03.925,208.0,-904.0,15064.0,1291.47
00:00:03.955,156.0,-984.0,15056.0,1295.07
00:00:03.986,160.0,-1024.0,14992.0,1356.22
00:00:04.018,132.0,-1000.0,15112.0,1238.37
00:00:04.048,292.0,-964.0,14880.0,1469.95
00:00:04.078,108.0,-972.0,14856.0,1495.84
00:00:04.108,244.0,-968.0,15040.0,1310.91
00:00:04.139,108.0,-1028.0,15012.0,1336.46
00:00:04.171,184.0,-1016.0,14924.0,1424.32
00:00:04.202,188.0,-1012.0,15016.0,1332.76
00:00:04.232,196.0,-944.0,14836.0,1516.71
00:00:04.260,84.0,-900.0,15060.0,1296.90
00:00:04.290,192.0,-916.0,15036.0,1318.90
00:00:04.321,248.0,-960.0,14784.0,1566.79
00:00:04.352,108.0,-1048.0,14952.0,1394.93
00:00:04.383,168.0,-1048.0,15064.0,1282.65
00:00:04.414,212.0,-1004.0,14968.0,1380.87
00:00:04.444,212.0,-940.0,14984.0,1369.05
00:00:04.476,228.0,-1024.0,15124.0,1223.66
00:00:04.506,216.0,-928.0,14988.0,1365.74
00:00:04.534,88.0,-904.0,15072.0,1284.66
00:00:04.565,204.0,-1004.0,15128.0,1221.35
00:00:04.596,208.0,-968.0,14932.0,1419.21
00:00:04.625,132.0,-952.0,14816.0,1536.86
00:00:04.655,256.0,-996.0,14992.0,1356.77
00:00:04.685,140.0,-944.0,15040.0,1313.75
00:00:04.715,244.0,-936.0,15016.0,1336.88
00:00:04.747,336.0,-1008.0,14944.0,1402.27
00:00:04.777,232.0,-896.0,15068.0,1287.60
00:00:04.807,104.0,-976.0,15196.0,1156.33
00:00:04.837,148.0,-952.0,14948.0,1404.98
00:00:04.866,192.0,-924.0,15024.0,1330.39
00:00:04.896,180.0,-932.0,15020.0,1334.04
00:00:04.927,212.0,-1020.0,15012.0,1335.89
00:00:04.957,168.0,-900.0,15036.0,1320.15
00:00:04.987,212.0,-980.0,15052.0,1298.64
00:00:05.016,288.0,-992.0,14948.0,1400.35
00:00:05.047,168.0,-948.0,14824.0,1528.77
00:00:05.078,164.0,-1096.0,14996.0,1347.11
00:00:05.109,140.0,-1080.0,14956.0,1388.40
00:00:05.137,36.0,-952.0,14880.0,1473.53
00:00:05.169,144.0,-1024.0,15004.0,1344.41
00:00:05.199,128.0,-984.0,14992.0,1359.20
00:00:05.230,200.0,-1008.0,15060.0,1288.98
00:00:05.261,216.0,-1012.0,15032.0,1316.42
00:00:05.291,220.0,-964.0,15028.0,1323.51
00:00:05.323,196.0,-1108.0,15112.0,1230.17
00:00:05.354,228.0,-1052.0,15076.0,1269.62
00:00:05.385,192.0,-1000.0,15132.0,1217.78
00:00:05.415,132.0,-924.0,14984.0,1370.96
00:00:05.446,144.0,-916.0,14988.0,1367.34
00:00:05.476,140.0,-996.0,15068.0,1282.47
00:00:05.507,184.0,-1080.0,15004.0,1340.06
00:00:05.538,220.0,-1012.0,15012.0,1336.32
00:00:05.569,116.0,-1000.0,14940.0,1410.12
00:00:05.600,264.0,-980.0,15016.0,1333.74
00:00:05.630,164.0,-932.0,15088.0,1266.35
00:00:05.660,204.0,-956.0,14972.0,1380.12
00:00:05.690,344.0,-992.0,14996.0,1351.29
00:00:05.719,80.0,-928.0,15000.0,1355.11
00:00:05.750,208.0,-944.0,14884.0,1468.64
00:00:05.781,192.0,-1020.0,15020.0,1328.18
00:00:05.811,140.0,-972.0,15032.0,1319.96
00:00:05.842,192.0,-1004.0,15008.0,1341.23
00:00:05.873,156.0,-984.0,15088.0,1263.14
00:00:05.903,128.0,-968.0,14904.0,1448.05
00:00:05.933,252.0,-972.0,15136.0,1214.73
00:00:05.963,220.0,-996.0,14964.0,1385.28
00:00:05.992,256.0,-956.0,14876.0,1475.12
00:00:06.024,232.0,-1096.0,14860.0,1481.83
00:00:06.054,184.0,-956.0,14956.0,1396.35
00:00:06.084,208.0,-972.0,15100.0,1251.32
00:00:06.114,144.0,-984.0,15020.0,1331.11
00:00:06.144,168.0,-948.0,14968.0,1385.07
00:00:06.176,228.0,-1040.0,15024.0,1322.32
00:00:06.206,124.0,-956.0,15104.0,1249.27
00:00:06.237,172.0,-1012.0,15044.0,1305.02
00:00:06.267,100.0,-980.0,14848.0,1503.36
00:00:06.298,252.0,-876.0,14852.0,1504.05
00:00:06.327,336.0,-984.0,14976.0,1371.95
00:00:06.358,252.0,-1048.0,14904.0,1441.07
00:00:06.388,168.0,-984.0,15076.0,1274.99
00:00:06.419,192.0,-1056.0,14916.0,1429.43
00:00:06.451,240.0,-1008.0,14984.0,1364.22
00:00:06.481,360.0,-908.0,15028.0,1324.29
00:00:06.511,172.0,-912.0,14980.0,1375.28
00:00:06.540,92.0,-996.0,14920.0,1430.51
00:00:06.572,232.0,-1056.0,15092.0,1253.32
00:00:06.602,176.0,-940.0,15072.0,1281.69
00:00:06.632,100.0,-1016.0,15028.0,1321.36
00:00:06.662,200.0,-1016.0,15064.0,1284.45
00:00:06.693,188.0,-1016.0,15028.0,1320.52
00:00:06.725,168.0,-1028.0,15000.0,1347.88
00:00:06.754,72.0,-860.0,15100.0,1259.36
00:00:06.784,160.0,-960.0,15040.0,1312.54
00:00:06.815,196.0,-1032.0,14980.0,1367.21
00:00:06.846,120.0,-1000.0,15040.0,1310.31
00:00:06.876,160.0,-952.0,14996.0,1356.96
00:00:06.906,156.0,-924.0,15032.0,1322.82
00:00:06.936,224.0,-1068.0,15168.0,1176.80
00:00:06.966,132.0,-992.0,14904.0,1446.44
00:00:06.997,156.0,-944.0,14980.0,1373.47
00:00:07.027,248.0,-984.0,14996.0,1353.70
00:00:07.058,232.0,-1000.0,14952.0,1396.80
00:00:07.089,152.0,-1008.0,14988.0,1361.37
00:00:07.119,244.0,-956.0,15044.0,1307.68
00:00:07.151,244.0,-1000.0,15108.0,1240.98
00:00:07.180,32.0,-924.0,15096.0,1259.71
00:00:07.210,64.0,-1120.0,15032.0,1310.20
00:00:07.240,200.0,-1024.0,14780.0,1567.22
00:00:07.271,192.0,-1108.0,14964.0,1377.81
00:00:07.302,152.0,-936.0,15124.0,1230.30
00:00:07.332,284.0,-988.0,15128.0,1221.11
00:00:07.363,216.0,-1056.0,15016.0,1329.36
00:00:07.393,144.0,-972.0,15136.0,1216.14
00:00:07.425,248.0,-1020.0,15000.0,1347.31
00:00:07.456,244.0,-1144.0,15004.0,1334.47
00:00:07.487,108.0,-1016.0,15076.0,1273.42
00:00:07.517,224.0,-944.0,15084.0,1268.83
00:00:07.549,300.0,-1012.0,14868.0,1478.58
00:00:07.579,204.0,-952.0,15084.0,1268.61
00:00:07.608,268.0,-940.0,14868.0,1483.90
00:00:07.640,300.0,-1168.0,14888.0,1447.24
00:00:07.669,728.0,-600.0,15060.0,1294.48
00:00:07.704,-184.0,-1204.0,14980.0,1354.57
00:00:07.736,-460.0,-1472.0,14928.0,1376.55
00:00:07.764,320.0,-748.0,15016.0,1345.98
00:00:07.794,508.0,-512.0,14844.0,1522.49
00:00:07.826,356.0,-1004.0,15072.0,1274.40
00:00:07.859,-224.0,-1392.0,14972.0,1345.76
00:00:07.888,4.0,-1116.0,14912.0,1430.30
00:00:07.917,420.0,-768.0,15012.0,1346.50
00:00:07.947,456.0,-896.0,15068.0,1282.50
00:00:07.978,80.0,-896.0,15120.0,1237.26
00:00:08.009,124.0,-1072.0,15144.0,1201.60
00:00:08.040,180.0,-1096.0,14944.0,1398.78
00:00:08.069,292.0,-908.0,14992.0,1361.69
00:00:08.101,496.0,-616.0,15052.0,1311.24
00:00:08.132,224.0,-1072.0,15164.0,1180.51
00:00:08.163,380.0,-956.0,14928.0,1420.59
00:00:08.193,308.0,-808.0,15184.0,1175.40
00:00:08.224,84.0,-1116.0,15124.0,1218.65
00:00:08.254,316.0,-852.0,14812.0,1544.15
00:00:08.285,248.0,-864.0,14968.0,1389.03
00:00:08.316,120.0,-976.0,15088.0,1263.99
00:00:08.346,280.0,-932.0,14876.0,1476.20
00:00:08.377,308.0,-948.0,14928.0,1422.76
00:00:08.408,204.0,-1000.0,15040.0,1309.41
00:00:08.437,564.0,-888.0,14936.0,1411.00
00:00:08.467,128.0,-976.0,15056.0,1295.86
00:00:08.497,232.0,-888.0,14956.0,1399.86
00:00:08.527,524.0,-740.0,15028.0,1328.67
00:00:08.557,132.0,-968.0,14932.0,1420.07
00:00:08.589,92.0,-1020.0,15040.0,1309.17
00:00:08.618,280.0,-884.0,15124.0,1231.60
00:00:08.648,400.0,-732.0,14924.0,1436.71
00:00:08.680,384.0,-912.0,15032.0,1319.46
00:00:08.711,200.0,-908.0,15016.0,1339.24
00:00:08.742,256.0,-948.0,14936.0,1415.76
00:00:08.772,340.0,-848.0,15020.0,1336.24
00:00:08.804,324.0,-772.0,15040.0,1320.71
00:00:08.835,220.0,-996.0,14988.0,1361.33
00:00:08.865,8.0,-1028.0,15056.0,1292.94
00:00:08.895,164.0,-944.0,14924.0,1429.27
00:00:08.926,176.0,-936.0,15100.0,1253.99
00:00:08.955,184.0,-908.0,14940.0,1415.30
00:00:08.985,228.0,-960.0,15100.0,1251.80
00:00:09.015,104.0,-888.0,15252.0,1105.82
00:00:09.045,504.0,-968.0,15068.0,1276.53
00:00:09.077,184.0,-1048.0,15192.0,1154.78
00:00:09.107,228.0,-928.0,15020.0,1333.63
00:00:09.137,336.0,-820.0,15104.0,1254.03
00:00:09.168,200.0,-876.0,14920.0,1436.97
00:00:09.201,160.0,-1072.0,15004.0,1340.90
00:00:09.232,112.0,-1072.0,14828.0,1516.88
00:00:09.262,380.0,-896.0,15096.0,1256.66
00:00:09.292,216.0,-864.0,15068.0,1289.70
00:00:09.322,172.0,-880.0,15004.0,1353.23
00:00:09.353,240.0,-916.0,15068.0,1286.28
00:00:09.384,256.0,-972.0,14948.0,1402.24
00:00:09.415,188.0,-1072.0,14944.0,1400.42
00:00:09.446,256.0,-1032.0,14924.0,1422.17
00:00:09.477,200.0,-868.0,15028.0,1329.62
00:00:09.507,184.0,-976.0,15040.0,1311.24
00:00:09.537,204.0,-1016.0,14984.0,1364.21
00:00:09.567,180.0,-908.0,15020.0,1335.50
00:00:09.597,236.0,-956.0,14896.0,1455.49
00:00:09.629,164.0,-1028.0,14964.0,1383.83
00:00:09.658,200.0,-876.0,15072.0,1285.24
00:00:09.688,452.0,-692.0,14996.0,1365.24
00:00:09.720,132.0,-1216.0,15012.0,1322.25
00:00:09.751,-16.0,-1064.0,14992.0,1354.28
00:00:09.782,220.0,-1012.0,14800.0,1547.81
00:00:09.812,236.0,-768.0,14952.0,1410.43
00:00:09.842,92.0,-1056.0,15048.0,1298.71
00:00:09.872,240.0,-940.0,15116.0,1236.90
00:00:09.903,204.0,-912.0,15076.0,1279.06
00:00:09.935,180.0,-1020.0,14940.0,1408.14
00:00:09.965,88.0,-1024.0,14948.0,1400.71
00:00:09.996,188.0,-1036.0,15016.0,1331.13
00:00:10.027,308.0,-808.0,15016.0,1343.12
00:00:10.056,184.0,-920.0,15004.0,1350.69
00:00:10.087,236.0,-984.0,14992.0,1357.89
00:00:10.117,156.0,-992.0,15020.0,1330.47
00:00:10.146,184.0,-940.0,14976.0,1377.40
00:00:10.178,144.0,-1020.0,15004.0,1344.68
00:00:10.208,180.0,-948.0,14980.0,1372.95
00:00:10.238,260.0,-892.0,14972.0,1383.20
00:00:10.268,116.0,-908.0,14956.0,1400.01
00:00:10.298,128.0,-892.0,15056.0,1301.06
00:00:10.329,164.0,-944.0,15080.0,1273.59
00:00:10.359,176.0,-924.0,15008.0,1346.55
00:00:10.389,268.0,-964.0,15072.0,1278.83
00:00:10.419,192.0,-924.0,14868.0,1486.08
00:00:10.449,228.0,-944.0,15012.0,1340.62
00:00:10.480,184.0,-944.0,14884.0,1468.96
00:00:10.511,124.0,-1008.0,14928.0,1421.49
00:00:10.542,208.0,-1012.0,15068.0,1280.62
00:00:10.572,176.0,-900.0,15040.0,1316.07
00:00:10.601,196.0,-900.0,15080.0,1275.90
00:00:10.631,80.0,-932.0,15104.0,1251.06
00:00:10.661,208.0,-912.0,14872.0,1482.61
00:00:10.691,220.0,-880.0,15208.0,1148.97
00:00:10.721,204.0,-932.0,15080.0,1273.85
00:00:10.752,96.0,-1012.0,14976.0,1373.54
00:00:10.782,256.0,-988.0,15056.0,1293.45
00:00:10.812,208.0,-1020.0,15032.0,1316.00
00:00:10.842,120.0,-992.0,15072.0,1278.91
00:00:10.872,112.0,-884.0,15036.0,1321.62
00:00:10.902,204.0,-928.0,14972.0,1381.88
00:00:10.932,164.0,-928.0,15060.0,1294.54
00:00:10.961,232.0,-868.0,14996.0,1361.11
00:00:10.991,180.0,-980.0,14924.0,1426.78
00:00:11.020,180.0,-908.0,14928.0,1427.33
00:00:11.049,232.0,-896.0,15004.0,1351.48
00:00:11.080,216.0,-972.0,14836.0,1514.62
00:00:11.109,324.0,-904.0,14944.0,1409.18
00:00:11.139,236.0,-764.0,15044.0,1318.76
00:00:11.169,228.0,-936.0,14928.0,1424.95
00:00:11.200,156.0,-1004.0,14876.0,1473.34
00:00:11.231,300.0,-964.0,14916.0,1433.87
00:00:11.261,256.0,-920.0,14960.0,1393.55
00:00:11.290,164.0,-968.0,15124.0,1228.17
00:00:11.320,172.0,-892.0,15008.0,1348.53
00:00:11.350,168.0,-860.0,14960.0,1398.36
00:00:11.381,288.0,-860.0,15176.0,1180.92
00:00:11.411,148.0,-996.0,15036.0,1314.32
00:00:11.440,184.0,-932.0,15116.0,1238.18
00:00:11.470,228.0,-932.0,15008.0,1345.36
00:00:11.500,248.0,-912.0,15044.0,1310.34
00:00:11.531,268.0,-848.0,14940.0,1417.55
00:00:11.560,276.0,-856.0,15012.0,1345.08
00:00:11.590,292.0,-940.0,15000.0,1351.74
00:00:11.620,256.0,-848.0,15060.0,1297.97
00:00:11.650,280.0,-880.0,15164.0,1191.91
00:00:11.682,208.0,-916.0,15148.0,1206.90
00:00:11.713,208.0,-956.0,15076.0,1276.29
00:00:11.744,144.0,-944.0,14832.0,1521.29
00:00:11.776,-12.0,-1116.0,15012.0,1330.57
00:00:11.808,-12.0,-1244.0,14968.0,1364.39
00:00:11.837,208.0,-872.0,14928.0,1429.11
00:00:11.865,252.0,-992.0,15036.0,1313.20
00:00:11.895,380.0,-880.0,15056.0,1297.52
00:00:11.925,236.0,-800.0,15092.0,1268.97
00:00:11.958,360.0,-1072.0,15040.0,1301.55
00:00:11.987,156.0,-812.0,14944.0,1417.14
00:00:12.017,112.0,-936.0,15132.0,1222.67
00:00:12.049,220.0,-1008.0,15072.0,1276.73
00:00:12.081,148.0,-896.0,15040.0,1316.61
00:00:12.111,68.0,-956.0,14964.0,1389.34
00:00:12.143,112.0,-1108.0,14868.0,1474.35
00:00:12.174,144.0,-1164.0,15080.0,1258.46
00:00:12.204,184.0,-884.0,15020.0,1336.88
00:00:12.236,208.0,-804.0,14924.0,1436.91
00:00:12.268,216.0,-1092.0,14840.0,1502.31
00:00:12.300,176.0,-1064.0,14984.0,1361.24
00:00:12.332,256.0,-808.0,14972.0,1388.03
00:00:12.364,132.0,-1140.0,14948.0,1392.01
00:00:12.395,132.0,-1036.0,14916.0,1431.48
00:00:12.425,108.0,-940.0,15132.0,1222.45
00:00:12.457,192.0,-984.0,14940.0,1410.40
00:00:12.488,212.0,-1120.0,14932.0,1408.55
00:00:12.520,208.0,-1004.0,15072.0,1277.16
00:00:12.550,188.0,-1084.0,15048.0,1295.84
00:00:12.583,220.0,-1012.0,15128.0,1220.59
00:00:12.614,160.0,-1168.0,14956.0,1381.61
00:00:12.645,176.0,-1000.0,15068.0,1281.83
00:00:12.676,136.0,-1036.0,14932.0,1415.49
00:00:12.708,140.0,-1020.0,14976.0,1372.65
00:00:12.738,160.0,-988.0,15020.0,1330.69
00:00:12.769,148.0,-1028.0,14920.0,1427.89
00:00:12.800,144.0,-1016.0,15012.0,1336.97
00:00:12.832,112.0,-1072.0,15068.0,1277.50
00:00:12.862,204.0,-952.0,15068.0,1284.58
00:00:12.892,160.0,-948.0,15016.0,1337.25
00:00:12.923,252.0,-1088.0,14980.0,1362.43
00:00:12.953,172.0,-920.0,14956.0,1398.74
00:00:12.984,40.0,-1012.0,14884.0,1465.58
00:00:13.014,192.0,-976.0,15048.0,1303.16
00:00:13.044,168.0,-908.0,15160.0,1195.90
00:00:13.073,136.0,-992.0,14972.0,1378.56
00:00:13.104,148.0,-1036.0,15016.0,1331.58
00:00:13.136,176.0,-1032.0,15012.0,1335.54
00:00:13.166,184.0,-976.0,14908.0,1442.95
00:00:13.196,112.0,-1012.0,15176.0,1173.88
00:00:13.226,228.0,-956.0,15080.0,1272.01
00:00:13.255,76.0,-984.0,15096.0,1255.77
00:00:13.286,76.0,-1052.0,15112.0,1235.24
00:00:13.316,160.0,-944.0,15036.0,1317.55
00:00:13.347,164.0,-1064.0,14928.0,1417.23
00:00:13.376,244.0,-996.0,14856.0,1492.65
00:00:13.406,300.0,-880.0,15004.0,1351.22
00:00:13.438,152.0,-1032.0,14948.0,1399.65
00:00:13.468,148.0,-948.0,15080.0,1273.51
00:00:13.496,40.0,-936.0,14928.0,1426.63
00:00:13.526,108.0,-952.0,14976.0,1377.38
00:00:13.556,152.0,-916.0,14920.0,1435.14
00:00:13.587,152.0,-932.0,14936.0,1418.18
00:00:13.617,148.0,-972.0,15148.0,1204.13
00:00:13.647,104.0,-996.0,15000.0,1350.61
00:00:13.677,32.0,-1020.0,14896.0,1453.08
00:00:13.708,184.0,-996.0,15096.0,1254.06
00:00:13.739,144.0,-1020.0,14960.0,1388.58
00:00:13.770,184.0,-1052.0,15068.0,1278.20
00:00:13.800,120.0,-876.0,14988.0,1369.94
00:00:13.830,240.0,-952.0,14968.0,1383.84
00:00:13.860,164.0,-936.0,14952.0,1401.83
00:00:13.891,116.0,-1064.0,15000.0,1345.86
00:00:13.922,128.0,-1068.0,15052.0,1293.62
00:00:13.952,136.0,-936.0,15136.0,1218.48
00:00:13.983,180.0,-984.0,14916.0,1434.49
00:00:14.013,72.0,-1028.0,14980.0,1368.60
00:00:14.044,196.0,-1060.0,15152.0,1193.70
00:00:14.075,236.0,-1096.0,15040.0,1302.27
00:00:14.104,96.0,-980.0,14932.0,1419.57
00:00:14.136,272.0,-1004.0,14892.0,1455.72
00:00:14.166,164.0,-856.0,14844.0,1514.43
00:00:14.195,184.0,-996.0,14968.0,1381.77
00:00:14.226,172.0,-1028.0,14948.0,1399.71
00:00:14.257,124.0,-1044.0,14984.0,1363.16
00:00:14.288,104.0,-1140.0,15000.0,1340.38
00:00:14.317,84.0,-956.0,14940.0,1413.21
00:00:14.347,108.0,-988.0,14924.0,1426.94
00:00:14.378,164.0,-1068.0,14940.0,1404.98
00:00:14.408,60.0,-1096.0,15100.0,1244.16
00:00:14.439,100.0,-972.0,14924.0,1428.05
00:00:14.470,180.0,-1004.0,15064.0,1285.51
00:00:14.501,228.0,-1036.0,15056.0,1290.68
00:00:14.532,144.0,-1028.0,15088.0,1260.33
00:00:14.563,104.0,-1028.0,15068.0,1280.62
00:00:14.593,80.0,-1024.0,15008.0,1340.89
00:00:14.623,140.0,-996.0,14920.0,1430.14
00:00:14.654,204.0,-1040.0,14872.0,1474.29
00:00:14.684,196.0,-1028.0,15032.0,1315.62
00:00:14.716,184.0,-1060.0,14972.0,1373.40
00:00:14.746,108.0,-976.0,15040.0,1311.98
00:00:14.777,144.0,-1056.0,15040.0,1306.29
00:00:14.809,196.0,-1044.0,14992.0,1354.42
00:00:14.839,212.0,-956.0,14972.0,1380.01
00:00:14.870,196.0,-1064.0,15024.0,1321.10
00:00:14.900,112.0,-976.0,15116.0,1236.11
00:00:14.931,224.0,-1000.0,15008.0,1341.05
00:00:14.963,180.0,-1004.0,15152.0,1197.71
00:00:14.993,140.0,-964.0,15068.0,1284.55
00:00:15.024,108.0,-1016.0,14940.0,1409.10
00:00:15.054,224.0,-948.0,15020.0,1332.45
00:00:15.084,104.0,-948.0,14976.0,1377.66
00:00:15.115,96.0,-1108.0,15120.0,1223.15
00:00:15.145,148.0,-960.0,14988.0,1364.56
00:00:15.174,60.0,-1004.0,15136.0,1214.62
00:00:15.204,144.0,-980.0,15000.0,1351.33
00:00:15.233,28.0,-976.0,14864.0,1487.97
00:00:15.265,148.0,-1116.0,14908.0,1433.55
00:00:15.296,224.0,-1004.0,15124.0,1225.06
00:00:15.327,140.0,-1004.0,14956.0,1393.68
00:00:15.357,140.0,-1028.0,14992.0,1356.14
00:00:15.389,160.0,-1012.0,15072.0,1277.22
00:00:15.419,160.0,-948.0,15012.0,1341.25
00:00:15.450,120.0,-1092.0,15012.0,1331.86
00:00:15.481,220.0,-1048.0,14840.0,1505.41
00:00:15.513,144.0,-1004.0,14972.0,1377.68
00:00:15.543,180.0,-944.0,14952.0,1401.15
00:00:15.573,112.0,-960.0,15048.0,1304.99
00:00:15.604,188.0,-1020.0,15056.0,1292.32
00:00:15.635,264.0,-996.0,14952.0,1396.54
00:00:15.665,200.0,-940.0,15012.0,1341.27
00:00:15.695,184.0,-1036.0,14968.0,1379.06
00:00:15.725,164.0,-956.0,15048.0,1304.77
00:00:15.756,156.0,-1000.0,15152.0,1198.24
00:00:15.787,140.0,-1012.0,14932.0,1417.09
00:00:15.817,256.0,-980.0,14888.0,1461.58
00:00:15.846,100.0,-924.0,15156.0,1199.53
00:00:15.877,232.0,-1028.0,14872.0,1474.71
00:00:15.907,136.0,-964.0,14948.0,1404.33
00:00:15.939,208.0,-1056.0,14944.0,1401.29
00:00:15.970,204.0,-1044.0,14952.0,1394.21
00:00:15.999,80.0,-952.0,15036.0,1317.68
00:00:16.030,104.0,-1020.0,14976.0,1372.94
00:00:16.060,76.0,-1076.0,14984.0,1361.22
00:00:16.091,172.0,-996.0,15112.0,1238.24
00:00:16.121,172.0,-912.0,15000.0,1355.32
00:00:16.151,268.0,-972.0,15036.0,1314.23
00:00:16.182,156.0,-1012.0,14888.0,1460.83
00:00:16.214,152.0,-1080.0,15056.0,1288.55
00:00:16.245,172.0,-1044.0,15168.0,1179.14
00:00:16.275,252.0,-896.0,15084.0,1271.31
00:00:16.305,136.0,-1044.0,15036.0,1311.19
00:00:16.334,84.0,-996.0,14976.0,1374.68
00:00:16.366,180.0,-1072.0,15036.0,1308.76
00:00:16.397,104.0,-1012.0,15080.0,1269.72
00:00:16.428,164.0,-1096.0,14964.0,1379.02
00:00:16.459,208.0,-1100.0,14960.0,1382.17
00:00:16.491,180.0,-1072.0,15032.0,1312.75
00:00:16.520,228.0,-968.0,14992.0,1359.05
00:00:16.549,112.0,-916.0,14996.0,1359.63
00:00:16.579,184.0,-968.0,14972.0,1379.61
00:00:16.609,144.0,-916.0,14988.0,1367.34
00:00:16.639,224.0,-960.0,14836.0,1515.29
00:00:16.670,188.0,-1008.0,14964.0,1384.91
00:00:16.700,152.0,-948.0,15112.0,1241.53
00:00:16.730,160.0,-976.0,14940.0,1411.30
00:00:16.762,136.0,-1028.0,14868.0,1479.88
00:00:16.792,152.0,-940.0,15008.0,1345.82
00:00:16.822,184.0,-976.0,14964.0,1387.08
00:00:16.852,220.0,-932.0,14968.0,1385.40
00:00:16.883,140.0,-1008.0,15056.0,1293.65
00:00:16.915,120.0,-984.0,14896.0,1455.05
00:00:16.943,72.0,-968.0,15144.0,1208.92
00:00:16.974,144.0,-1020.0,14944.0,1404.54
00:00:17.004,84.0,-1060.0,15040.0,1306.46
00:00:17.035,176.0,-1092.0,15096.0,1247.53
00:00:17.067,192.0,-1008.0,14928.0,1420.77
00:00:17.096,68.0,-996.0,15040.0,1310.90
00:00:17.127,208.0,-1052.0,15076.0,1269.91
00:00:17.157,260.0,-952.0,15012.0,1339.60
00:00:17.187,228.0,-984.0,15032.0,1318.10
00:00:17.219,172.0,-1060.0,14912.0,1433.38
00:00:17.249,88.0,-1044.0,14892.0,1455.19
00:00:17.278,60.0,-884.0,15072.0,1285.98
00:00:17.308,64.0,-1116.0,15084.0,1258.64
00:00:17.340,208.0,-1024.0,14988.0,1359.62
00:00:17.370,84.0,-1044.0,14920.0,1427.28
00:00:17.399,64.0,-996.0,15112.0,1239.08
00:00:17.428,152.0,-916.0,14872.0,1483.04
00:00:17.458,116.0,-980.0,14936.0,1415.43
00:00:17.489,212.0,-996.0,15040.0,1309.57
00:00:17.518,76.0,-952.0,14964.0,1389.56
00:00:17.549,168.0,-1020.0,14976.0,1372.36
00:00:17.580,184.0,-1100.0,15080.0,1262.81
00:00:17.612,112.0,-1036.0,15060.0,1287.99
00:00:17.643,160.0,-1012.0,15060.0,1289.19
00:00:17.673,176.0,-936.0,15096.0,1257.99
00:00:17.703,228.0,-972.0,14856.0,1494.49
00:00:17.733,12.0,-1024.0,14912.0,1436.88
00:00:17.762,76.0,-980.0,14928.0,1423.67
00:00:17.793,148.0,-940.0,14936.0,1417.72
00:00:17.823,76.0,-1056.0,15140.0,1207.03
00:00:17.854,232.0,-1004.0,15016.0,1332.68
00:00:17.884,104.0,-924.0,14956.0,1399.12
00:00:17.916,212.0,-1024.0,15040.0,1307.69
00:00:17.945,76.0,-996.0,15076.0,1274.94
00:00:17.976,188.0,-1060.0,14868.0,1477.08
00:00:18.007,272.0,-1036.0,14868.0,1477.47
00:00:18.037,148.0,-1044.0,15016.0,1331.02
00:00:18.068,196.0,-916.0,14932.0,1422.65
00:00:18.098,80.0,-1004.0,14996.0,1354.22
00:00:18.128,84.0,-1028.0,15056.0,1292.71
00:00:18.158,224.0,-892.0,15044.0,1311.91
00:00:18.188,100.0,-904.0,14992.0,1364.44
00:00:18.219,108.0,-988.0,14900.0,1450.89
00:00:18.250,184.0,-1008.0,14992.0,1357.02
00:00:18.281,148.0,-1032.0,15048.0,1299.93
00:00:18.312,172.0,-1100.0,15104.0,1239.02
00:00:18.343,84.0,-1064.0,14980.0,1366.03
00:00:18.372,60.0,-1076.0,14944.0,1401.19
00:00:18.403,108.0,-1076.0,14924.0,1420.87
00:00:18.433,108.0,-968.0,14932.0,1420.27
00:00:18.463,184.0,-968.0,15024.0,1327.72
00:00:18.495,124.0,-1004.0,14872.0,1477.63
00:00:18.525,232.0,-1020.0,15132.0,1215.89
00:00:18.556,232.0,-1024.0,15032.0,1315.38
00:00:18.587,144.0,-1028.0,15072.0,1276.30
00:00:18.618,192.0,-904.0,14932.0,1423.43
00:00:18.648,148.0,-960.0,14892.0,1460.36
00:00:18.679,176.0,-1132.0,14940.0,1400.14
00:00:18.709,160.0,-952.0,14932.0,1420.83
00:00:18.739,136.0,-932.0,14992.0,1362.44
00:00:18.771,252.0,-1044.0,14880.0,1465.29
00:00:18.802,240.0,-1028.0,15196.0,1151.38
00:00:18.833,120.0,-1056.0,14960.0,1386.30
00:00:18.863,168.0,-968.0,15112.0,1240.10
00:00:18.894,188.0,-996.0,14896.0,1453.56
00:00:18.924,140.0,-1132.0,15044.0,1296.82
00:00:18.954,240.0,-952.0,15036.0,1315.98
00:00:18.985,124.0,-1036.0,14980.0,1367.71
00:00:19.017,104.0,-1000.0,14916.0,1434.15
00:00:19.046,84.0,-888.0,14940.0,1417.40
00:00:19.076,116.0,-972.0,14984.0,1368.06
00:00:19.107,144.0,-1044.0,15068.0,1279.19
00:00:19.136,92.0,-1112.0,15188.0,1155.07
00:00:19.167,204.0,-960.0,14852.0,1499.61
00:00:19.198,256.0,-1036.0,14964.0,1382.00
00:00:19.228,204.0,-992.0,15004.0,1345.86
00:00:19.258,176.0,-984.0,14968.0,1382.66
00:00:19.289,312.0,-1036.0,14984.0,1360.99
00:00:19.321,140.0,-1040.0,15024.0,1323.40
00:00:19.352,156.0,-1008.0,15028.0,1321.42
00:00:19.382,236.0,-992.0,15124.0,1225.66
00:00:19.413,120.0,-1092.0,15108.0,1236.11
00:00:19.445,164.0,-1056.0,14936.0,1409.82
00:00:19.473,64.0,-964.0,14988.0,1364.89
00:00:19.503,168.0,-1088.0,14924.0,1419.45
00:00:19.532,88.0,-980.0,15020.0,1331.81
00:00:19.563,188.0,-1048.0,15016.0,1330.30
00:00:19.594,160.0,-992.0,15100.0,1250.60
00:00:19.625,136.0,-1020.0,15044.0,1304.85
00:00:19.655,84.0,-1104.0,15056.0,1287.34
00:00:19.685,164.0,-1084.0,14920.0,1423.77
00:00:19.716,176.0,-1016.0,14872.0,1476.30
00:00:19.747,156.0,-996.0,14996.0,1354.15
00:00:19.778,152.0,-1016.0,14912.0,1436.66
00:00:19.807,216.0,-924.0,15008.0,1346.03
00:00:19.837,136.0,-828.0,14940.0,1420.45
00:00:19.866,76.0,-1036.0,15064.0,1284.23
00:00:19.898,160.0,-1144.0,14912.0,1427.33
00:00:19.928,192.0,-912.0,15024.0,1331.12
00:00:19.959,204.0,-1072.0,14904.0,1440.10
00:00:19.989,184.0,-908.0,15008.0,1347.43
00:00:20.021,252.0,-1084.0,15108.0,1235.07
00:00:20.051,156.0,-904.0,14988.0,1367.95
00:00:20.080,84.0,-952.0,15120.0,1233.83
00:00:20.111,124.0,-1032.0,14916.0,1431.83
00:00:20.143,136.0,-1012.0,14888.0,1461.02
00:00:20.173,68.0,-1128.0,14964.0,1377.39
00:00:20.203,136.0,-976.0,14916.0,1435.48
00:00:20.233,36.0,-1056.0,15028.0,1318.90
00:00:20.264,180.0,-1072.0,15044.0,1300.78
00:00:20.296,100.0,-1028.0,15004.0,1344.49
00:00:20.326,120.0,-992.0,15080.0,1270.93
00:00:20.356,156.0,-984.0,15008.0,1342.97
00:00:20.386,208.0,-984.0,15056.0,1294.45
00:00:20.416,148.0,-1032.0,15104.0,1244.06
00:00:20.448,160.0,-1024.0,14956.0,1392.13
00:00:20.479,176.0,-1036.0,15004.0,1343.25
00:00:20.510,128.0,-1108.0,14996.0,1346.58
00:00:20.540,240.0,-960.0,14880.0,1471.13
00:00:20.571,92.0,-1012.0,15136.0,1213.93
00:00:20.602,172.0,-1024.0,15016.0,1332.14
00:00:20.632,136.0,-960.0,14928.0,1424.55
00:00:20.663,208.0,-1072.0,14816.0,1527.81
00:00:20.695,292.0,-1032.0,15028.0,1317.78
00:00:20.725,144.0,-936.0,14992.0,1362.12
00:00:20.755,148.0,-988.0,14928.0,1422.61
00:00:20.786,116.0,-1028.0,15056.0,1292.50
00:00:20.816,448.0,-1000.0,14948.0,1395.89
00:00:20.847,56.0,-1152.0,14916.0,1423.48
00:00:20.876,156.0,-932.0,15112.0,1242.48
00:00:20.905,48.0,-952.0,15048.0,1305.84
00:00:20.936,64.0,-1116.0,15036.0,1306.51
00:00:20.966,240.0,-996.0,15028.0,1321.12
00:00:20.997,28.0,-1052.0,14996.0,1351.12
00:00:21.025,40.0,-980.0,14964.0,1387.89
00:00:21.056,136.0,-1076.0,15064.0,1281.01
00:00:21.085,80.0,-968.0,15036.0,1316.66
00:00:21.115,264.0,-932.0,15068.0,1284.90
00:00:21.145,156.0,-988.0,15024.0,1326.74
00:00:21.175,208.0,-924.0,15128.0,1226.38
00:00:21.206,112.0,-1004.0,14928.0,1421.86
00:00:21.237,172.0,-1072.0,14944.0,1400.61
00:00:21.268,292.0,-1124.0,14984.0,1355.06
00:00:21.300,184.0,-1012.0,14932.0,1416.61
